Stop,
Test1,(((0.0 0.0) 0.0) ((984.5037267724947 -56.87260086164959) 0.33999998708257134) ((984.6248683680831 672.152329748092) 93.53999659685336))
Test2,(((0.0 0.0) 0.0) ((2368.425647312033 -1.627980111168657) 3.0899812265102575) ((2492.962244859102 827.2979835301185) 83.21997798128834) ((846.0159703053342 962.4971088759236) 176.87997716001453) ((-38.513067666488055 48.98823688466414) 177.479977262774))
